{
    "test_report": {
        "angry": {
            "precision": 0.4882943143812709,
            "recall": 0.6096033402922756,
            "f1-score": 0.542246982358403,
            "support": 958
        },
        "disgust": {
            "precision": 0.0,
            "recall": 0.0,
            "f1-score": 0.0,
            "support": 111
        },
        "fear": {
            "precision": 0.4852752880921895,
            "recall": 0.3701171875,
            "f1-score": 0.4199445983379501,
            "support": 1024
        },
        "happy": {
            "precision": 0.8185204896221394,
            "recall": 0.8669673055242391,
            "f1-score": 0.8420476320832193,
            "support": 1774
        },
        "neutral": {
            "precision": 0.5316205533596838,
            "recall": 0.6545012165450121,
            "f1-score": 0.5866957470010905,
            "support": 1233
        },
        "sad": {
            "precision": 0.5044687189672294,
            "recall": 0.4073777064955894,
            "f1-score": 0.45075421472937,
            "support": 1247
        },
        "surprise": {
            "precision": 0.7780580075662042,
            "recall": 0.7424789410348978,
            "f1-score": 0.7598522167487685,
            "support": 831
        },
        "accuracy": 0.617581499024798,
        "macro avg": {
            "precision": 0.5151767674269596,
            "recall": 0.5215779567702877,
            "f1-score": 0.5145059130369717,
            "support": 7178
        },
        "weighted avg": {
            "precision": 0.6057244407781383,
            "recall": 0.617581499024798,
            "f1-score": 0.6074410603303341,
            "support": 7178
        }
    }
}
