{
    "test_report": {
        "angry": {
            "precision": 0.5335968379446641,
            "recall": 0.5636743215031316,
            "f1-score": 0.5482233502538072,
            "support": 958
        },
        "disgust": {
            "precision": 0.0,
            "recall": 0.0,
            "f1-score": 0.0,
            "support": 111
        },
        "fear": {
            "precision": 0.5007363770250368,
            "recall": 0.33203125,
            "f1-score": 0.3992953611274222,
            "support": 1024
        },
        "happy": {
            "precision": 0.7991696938245978,
            "recall": 0.8680947012401353,
            "f1-score": 0.8322075114833828,
            "support": 1774
        },
        "neutral": {
            "precision": 0.5419532324621733,
            "recall": 0.6390916463909164,
            "f1-score": 0.5865277260885745,
            "support": 1233
        },
        "sad": {
            "precision": 0.5189873417721519,
            "recall": 0.49318364073777066,
            "f1-score": 0.5057565789473684,
            "support": 1247
        },
        "surprise": {
            "precision": 0.7130339539978094,
            "recall": 0.7833935018050542,
            "f1-score": 0.7465596330275229,
            "support": 831
        },
        "accuracy": 0.6232933964892727,
        "macro avg": {
            "precision": 0.5153539195752048,
            "recall": 0.5256384373824298,
            "f1-score": 0.5169385944182968,
            "support": 7178
        },
        "weighted avg": {
            "precision": 0.6059631686064887,
            "recall": 0.6232933964892727,
            "f1-score": 0.6108485288338814,
            "support": 7178
        }
    }
}
