{
    "test_report": {
        "angry": {
            "precision": 0.4224299065420561,
            "recall": 0.4718162839248434,
            "f1-score": 0.44575936883629197,
            "support": 958
        },
        "disgust": {
            "precision": 0.06666666666666667,
            "recall": 0.018018018018018018,
            "f1-score": 0.028368794326241134,
            "support": 111
        },
        "fear": {
            "precision": 0.3669590643274854,
            "recall": 0.2451171875,
            "f1-score": 0.2939110070257611,
            "support": 1024
        },
        "happy": {
            "precision": 0.7757331799884991,
            "recall": 0.7604284103720406,
            "f1-score": 0.7680045545118132,
            "support": 1774
        },
        "neutral": {
            "precision": 0.447935921133703,
            "recall": 0.5896188158961881,
            "f1-score": 0.5091036414565826,
            "support": 1233
        },
        "sad": {
            "precision": 0.39896373056994816,
            "recall": 0.37048917401764236,
            "f1-score": 0.3841995841995842,
            "support": 1247
        },
        "surprise": {
            "precision": 0.6395881006864989,
            "recall": 0.6726835138387485,
            "f1-score": 0.6557184750733137,
            "support": 831
        },
        "accuracy": 0.529674003900808,
        "macro avg": {
            "precision": 0.4454680814164082,
            "recall": 0.4468816290810687,
            "f1-score": 0.4407236322042269,
            "support": 7178
        },
        "weighted avg": {
            "precision": 0.5217769668552931,
            "recall": 0.529674003900808,
            "f1-score": 0.5217769694361226,
            "support": 7178
        }
    }
}
