{
    "test_report": {
        "angry": {
            "precision": 0.5443902439024391,
            "recall": 0.5824634655532359,
            "f1-score": 0.5627836611195159,
            "support": 958
        },
        "disgust": {
            "precision": 0.0,
            "recall": 0.0,
            "f1-score": 0.0,
            "support": 111
        },
        "fear": {
            "precision": 0.46122448979591835,
            "recall": 0.44140625,
            "f1-score": 0.45109780439121755,
            "support": 1024
        },
        "happy": {
            "precision": 0.8416945373467113,
            "recall": 0.8511837655016911,
            "f1-score": 0.8464125560538117,
            "support": 1774
        },
        "neutral": {
            "precision": 0.5766917293233083,
            "recall": 0.6220600162206001,
            "f1-score": 0.5985173624658603,
            "support": 1233
        },
        "sad": {
            "precision": 0.5246963562753036,
            "recall": 0.5196471531676022,
            "f1-score": 0.5221595487510072,
            "support": 1247
        },
        "surprise": {
            "precision": 0.7638376383763837,
            "recall": 0.7472924187725631,
            "f1-score": 0.7554744525547445,
            "support": 831
        },
        "accuracy": 0.6347171914182224,
        "macro avg": {
            "precision": 0.5303621421457235,
            "recall": 0.5377218670308131,
            "f1-score": 0.5337779121908797,
            "support": 7178
        },
        "weighted avg": {
            "precision": 0.6251173274567207,
            "recall": 0.6347171914182224,
            "f1-score": 0.6296337292803663,
            "support": 7178
        }
    }
}
