{
    "test_report": {
        "angry": {
            "precision": 0.5647193585337915,
            "recall": 0.5146137787056367,
            "f1-score": 0.5385035499726925,
            "support": 958
        },
        "disgust": {
            "precision": 0.0,
            "recall": 0.0,
            "f1-score": 0.0,
            "support": 111
        },
        "fear": {
            "precision": 0.5016077170418006,
            "recall": 0.3046875,
            "f1-score": 0.37910085054678005,
            "support": 1024
        },
        "happy": {
            "precision": 0.8051606108478147,
            "recall": 0.8618940248027057,
            "f1-score": 0.8325619384699156,
            "support": 1774
        },
        "neutral": {
            "precision": 0.5230369889682025,
            "recall": 0.6536901865369019,
            "f1-score": 0.5811103100216295,
            "support": 1233
        },
        "sad": {
            "precision": 0.45874587458745875,
            "recall": 0.5573376102646351,
            "f1-score": 0.5032585083272991,
            "support": 1247
        },
        "surprise": {
            "precision": 0.7892561983471075,
            "recall": 0.6895306859205776,
            "f1-score": 0.7360308285163776,
            "support": 831
        },
        "accuracy": 0.6140986347171914,
        "macro avg": {
            "precision": 0.5203609640465966,
            "recall": 0.5116791123186367,
            "f1-score": 0.5100808551220992,
            "support": 7178
        },
        "weighted avg": {
            "precision": 0.6068312879917805,
            "recall": 0.6140986347171914,
            "f1-score": 0.6041744972579122,
            "support": 7178
        }
    }
}
