{
    "test_report": {
        "angry": {
            "precision": 0.49795918367346936,
            "recall": 0.5093945720250522,
            "f1-score": 0.5036119711042311,
            "support": 958
        },
        "disgust": {
            "precision": 0.0,
            "recall": 0.0,
            "f1-score": 0.0,
            "support": 111
        },
        "fear": {
            "precision": 0.4326241134751773,
            "recall": 0.2978515625,
            "f1-score": 0.3528050896471949,
            "support": 1024
        },
        "happy": {
            "precision": 0.7507462686567165,
            "recall": 0.850620067643743,
            "f1-score": 0.797568710359408,
            "support": 1774
        },
        "neutral": {
            "precision": 0.5362844702467344,
            "recall": 0.5993511759935117,
            "f1-score": 0.5660666411336652,
            "support": 1233
        },
        "sad": {
            "precision": 0.4720670391061452,
            "recall": 0.4065757818765036,
            "f1-score": 0.4368806548901335,
            "support": 1247
        },
        "surprise": {
            "precision": 0.6436222005842259,
            "recall": 0.7954271961492179,
            "f1-score": 0.7115177610333693,
            "support": 831
        },
        "accuracy": 0.5863750348286431,
        "macro avg": {
            "precision": 0.47618618224892406,
            "recall": 0.4941743365982898,
            "f1-score": 0.4812072611668574,
            "support": 7178
        },
        "weighted avg": {
            "precision": 0.5623616981080884,
            "recall": 0.5863750348286431,
            "f1-score": 0.5701645551516725,
            "support": 7178
        }
    }
}
