{
    "test_report": {
        "angry": {
            "precision": 0.48186046511627906,
            "recall": 0.5407098121085595,
            "f1-score": 0.5095917363502213,
            "support": 958
        },
        "disgust": {
            "precision": 0.0,
            "recall": 0.0,
            "f1-score": 0.0,
            "support": 111
        },
        "fear": {
            "precision": 0.56797583081571,
            "recall": 0.18359375,
            "f1-score": 0.2774907749077491,
            "support": 1024
        },
        "happy": {
            "precision": 0.8839344262295082,
            "recall": 0.7598647125140925,
            "f1-score": 0.8172173385874508,
            "support": 1774
        },
        "neutral": {
            "precision": 0.4946808510638298,
            "recall": 0.6788321167883211,
            "f1-score": 0.5723076923076923,
            "support": 1233
        },
        "sad": {
            "precision": 0.42380183091007,
            "recall": 0.6311146752205292,
            "f1-score": 0.5070876288659795,
            "support": 1247
        },
        "surprise": {
            "precision": 0.7896253602305475,
            "recall": 0.6594464500601684,
            "f1-score": 0.7186885245901641,
            "support": 831
        },
        "accuracy": 0.5887433825578156,
        "macro avg": {
            "precision": 0.5202683949094207,
            "recall": 0.49336593095595305,
            "f1-score": 0.4860548136584653,
            "support": 7178
        },
        "weighted avg": {
            "precision": 0.6138102946957333,
            "recall": 0.5887433825578156,
            "f1-score": 0.5791734211937688,
            "support": 7178
        }
    }
}
