{
    "test_report": {
        "angry": {
            "precision": 0.3934563758389262,
            "recall": 0.48956158663883087,
            "f1-score": 0.43627906976744185,
            "support": 958
        },
        "disgust": {
            "precision": 0.045454545454545456,
            "recall": 0.009009009009009009,
            "f1-score": 0.015037593984962407,
            "support": 111
        },
        "fear": {
            "precision": 0.48013245033112584,
            "recall": 0.1416015625,
            "f1-score": 0.21870286576168926,
            "support": 1024
        },
        "happy": {
            "precision": 0.7693181818181818,
            "recall": 0.7632468996617813,
            "f1-score": 0.7662705149971702,
            "support": 1774
        },
        "neutral": {
            "precision": 0.41856586992773764,
            "recall": 0.610705596107056,
            "f1-score": 0.49670184696569913,
            "support": 1233
        },
        "sad": {
            "precision": 0.4195519348268839,
            "recall": 0.33039294306335204,
            "f1-score": 0.3696724988784208,
            "support": 1247
        },
        "surprise": {
            "precision": 0.5504014272970562,
            "recall": 0.7424789410348978,
            "f1-score": 0.6321721311475409,
            "support": 831
        },
        "accuracy": 0.5225689607132906,
        "macro avg": {
            "precision": 0.43955439792777956,
            "recall": 0.4409995054307038,
            "f1-score": 0.41926236021470353,
            "support": 7178
        },
        "weighted avg": {
            "precision": 0.5203481906823002,
            "recall": 0.5225689607132906,
            "f1-score": 0.5017679262062126,
            "support": 7178
        }
    }
}
