{
    "test_report": {
        "angry": {
            "precision": 0.46849757673667203,
            "recall": 0.605427974947808,
            "f1-score": 0.528233151183971,
            "support": 958
        },
        "disgust": {
            "precision": 0.0,
            "recall": 0.0,
            "f1-score": 0.0,
            "support": 111
        },
        "fear": {
            "precision": 0.47715736040609136,
            "recall": 0.275390625,
            "f1-score": 0.3492260061919505,
            "support": 1024
        },
        "happy": {
            "precision": 0.7962566844919786,
            "recall": 0.8393461104847801,
            "f1-score": 0.8172338090010978,
            "support": 1774
        },
        "neutral": {
            "precision": 0.4786516853932584,
            "recall": 0.6909975669099757,
            "f1-score": 0.5655492864254896,
            "support": 1233
        },
        "sad": {
            "precision": 0.4885343968095713,
            "recall": 0.39294306335204493,
            "f1-score": 0.4355555555555556,
            "support": 1247
        },
        "surprise": {
            "precision": 0.7893217893217893,
            "recall": 0.6582430806257521,
            "f1-score": 0.7178477690288714,
            "support": 831
        },
        "accuracy": 0.5906937865700752,
        "macro avg": {
            "precision": 0.49977421330848015,
            "recall": 0.49462120304576584,
            "f1-score": 0.48766365391241934,
            "support": 7178
        },
        "weighted avg": {
            "precision": 0.585858944231843,
            "recall": 0.5906937865700752,
            "f1-score": 0.5782138632413133,
            "support": 7178
        }
    }
}
