{
    "test_report": {
        "angry": {
            "precision": 0.41514860977948226,
            "recall": 0.4519832985386221,
            "f1-score": 0.43278360819590206,
            "support": 958
        },
        "disgust": {
            "precision": 0.08571428571428572,
            "recall": 0.02702702702702703,
            "f1-score": 0.04109589041095891,
            "support": 111
        },
        "fear": {
            "precision": 0.3329989969909729,
            "recall": 0.32421875,
            "f1-score": 0.3285502226620485,
            "support": 1024
        },
        "happy": {
            "precision": 0.7158203125,
            "recall": 0.826381059751973,
            "f1-score": 0.7671376242804814,
            "support": 1774
        },
        "neutral": {
            "precision": 0.4861751152073733,
            "recall": 0.51338199513382,
            "f1-score": 0.49940828402366866,
            "support": 1233
        },
        "sad": {
            "precision": 0.3961312026913373,
            "recall": 0.3777064955894146,
            "f1-score": 0.38669950738916253,
            "support": 1247
        },
        "surprise": {
            "precision": 0.7712765957446809,
            "recall": 0.5234657039711191,
            "f1-score": 0.6236559139784946,
            "support": 831
        },
        "accuracy": 0.5256338813039844,
        "macro avg": {
            "precision": 0.4576093026611618,
            "recall": 0.4348806185731394,
            "f1-score": 0.4399044358486738,
            "support": 7178
        },
        "weighted avg": {
            "precision": 0.5227700249439127,
            "recall": 0.5256338813039844,
            "f1-score": 0.5200262856503762,
            "support": 7178
        }
    }
}
