{
    "test_report": {
        "angry": {
            "precision": 0.39461883408071746,
            "recall": 0.4592901878914405,
            "f1-score": 0.4245055475156778,
            "support": 958
        },
        "disgust": {
            "precision": 0.10526315789473684,
            "recall": 0.018018018018018018,
            "f1-score": 0.030769230769230767,
            "support": 111
        },
        "fear": {
            "precision": 0.4157608695652174,
            "recall": 0.1494140625,
            "f1-score": 0.21982758620689657,
            "support": 1024
        },
        "happy": {
            "precision": 0.6926070038910506,
            "recall": 0.8027057497181511,
            "f1-score": 0.743603133159269,
            "support": 1774
        },
        "neutral": {
            "precision": 0.456390977443609,
            "recall": 0.49229521492295214,
            "f1-score": 0.4736636753804136,
            "support": 1233
        },
        "sad": {
            "precision": 0.4036697247706422,
            "recall": 0.31756214915797915,
            "f1-score": 0.3554757630161579,
            "support": 1247
        },
        "surprise": {
            "precision": 0.4774637127578304,
            "recall": 0.7521058965102286,
            "f1-score": 0.5841121495327103,
            "support": 831
        },
        "accuracy": 0.5080802451936473,
        "macro avg": {
            "precision": 0.4208248972005434,
            "recall": 0.42734161124553843,
            "f1-score": 0.40456529794005086,
            "support": 7178
        },
        "weighted avg": {
            "precision": 0.4885806040947154,
            "recall": 0.5080802451936473,
            "f1-score": 0.4830105725999847,
            "support": 7178
        }
    }
}
