{
    "test_report": {
        "angry": {
            "precision": 0.6228070175438597,
            "recall": 0.44467640918580376,
            "f1-score": 0.5188794153471377,
            "support": 958
        },
        "disgust": {
            "precision": 0.0,
            "recall": 0.0,
            "f1-score": 0.0,
            "support": 111
        },
        "fear": {
            "precision": 0.5121951219512195,
            "recall": 0.3076171875,
            "f1-score": 0.3843807199511898,
            "support": 1024
        },
        "happy": {
            "precision": 0.7974619289340101,
            "recall": 0.8855693348365277,
            "f1-score": 0.8392094017094017,
            "support": 1774
        },
        "neutral": {
            "precision": 0.5327284510693454,
            "recall": 0.6666666666666666,
            "f1-score": 0.5922190201729106,
            "support": 1233
        },
        "sad": {
            "precision": 0.4669260700389105,
            "recall": 0.5773857257417803,
            "f1-score": 0.5163140910720689,
            "support": 1247
        },
        "surprise": {
            "precision": 0.7527405602923264,
            "recall": 0.7436823104693141,
            "f1-score": 0.7481840193704601,
            "support": 831
        },
        "accuracy": 0.6230147673446642,
        "macro avg": {
            "precision": 0.5264084499756674,
            "recall": 0.5179425192000132,
            "f1-score": 0.514169523946167,
            "support": 7178
        },
        "weighted avg": {
            "precision": 0.613049983940366,
            "recall": 0.6230147673446642,
            "f1-score": 0.6095347533159622,
            "support": 7178
        }
    }
}
