{
    "test_report": {
        "angry": {
            "precision": 0.41968430826369546,
            "recall": 0.4718162839248434,
            "f1-score": 0.4442260442260442,
            "support": 958
        },
        "disgust": {
            "precision": 0.25,
            "recall": 0.009009009009009009,
            "f1-score": 0.017391304347826087,
            "support": 111
        },
        "fear": {
            "precision": 0.4157119476268412,
            "recall": 0.248046875,
            "f1-score": 0.31070336391437314,
            "support": 1024
        },
        "happy": {
            "precision": 0.7168792934249264,
            "recall": 0.8235625704622322,
            "f1-score": 0.7665267576075552,
            "support": 1774
        },
        "neutral": {
            "precision": 0.42896627971254836,
            "recall": 0.6293592862935928,
            "f1-score": 0.5101906640368179,
            "support": 1233
        },
        "sad": {
            "precision": 0.44835164835164837,
            "recall": 0.3271852445870088,
            "f1-score": 0.3783031988873435,
            "support": 1247
        },
        "surprise": {
            "precision": 0.720164609053498,
            "recall": 0.631768953068592,
            "f1-score": 0.6730769230769231,
            "support": 831
        },
        "accuracy": 0.5401225968236277,
        "macro avg": {
            "precision": 0.4856797266333083,
            "recall": 0.44867831747789694,
            "f1-score": 0.4429168937281261,
            "support": 7178
        },
        "weighted avg": {
            "precision": 0.5313049856124074,
            "recall": 0.5401225968236277,
            "f1-score": 0.5246048758208577,
            "support": 7178
        }
    }
}
