{
    "test_report": {
        "angry": {
            "precision": 0.5303867403314917,
            "recall": 0.5010438413361169,
            "f1-score": 0.5152979066022544,
            "support": 958
        },
        "disgust": {
            "precision": 0.0,
            "recall": 0.0,
            "f1-score": 0.0,
            "support": 111
        },
        "fear": {
            "precision": 0.4931506849315068,
            "recall": 0.28125,
            "f1-score": 0.35820895522388063,
            "support": 1024
        },
        "happy": {
            "precision": 0.8183869148336154,
            "recall": 0.8179255918827508,
            "f1-score": 0.8181561883281647,
            "support": 1774
        },
        "neutral": {
            "precision": 0.4955456570155902,
            "recall": 0.721816707218167,
            "f1-score": 0.5876526906569826,
            "support": 1233
        },
        "sad": {
            "precision": 0.4683346364347146,
            "recall": 0.48035284683239776,
            "f1-score": 0.4742676167854315,
            "support": 1247
        },
        "surprise": {
            "precision": 0.7341317365269461,
            "recall": 0.7376654632972323,
            "f1-score": 0.7358943577430972,
            "support": 831
        },
        "accuracy": 0.6019782669267205,
        "macro avg": {
            "precision": 0.5057051957248379,
            "recall": 0.5057220643666664,
            "f1-score": 0.4984968164771158,
            "support": 7178
        },
        "weighted avg": {
            "precision": 0.59487318825724,
            "recall": 0.6019782669267205,
            "f1-score": 0.5906082668938958,
            "support": 7178
        }
    }
}
