{
    "test_report": {
        "angry": {
            "precision": 0.46412884333821375,
            "recall": 0.6617954070981211,
            "f1-score": 0.5456110154905336,
            "support": 958
        },
        "disgust": {
            "precision": 0.0,
            "recall": 0.0,
            "f1-score": 0.0,
            "support": 111
        },
        "fear": {
            "precision": 0.5839552238805971,
            "recall": 0.3056640625,
            "f1-score": 0.4012820512820513,
            "support": 1024
        },
        "happy": {
            "precision": 0.8519375361480624,
            "recall": 0.8303269447576099,
            "f1-score": 0.8409934341992578,
            "support": 1774
        },
        "neutral": {
            "precision": 0.5043936731107206,
            "recall": 0.6982968369829684,
            "f1-score": 0.5857142857142857,
            "support": 1233
        },
        "sad": {
            "precision": 0.5233644859813084,
            "recall": 0.4041700080192462,
            "f1-score": 0.4561085972850678,
            "support": 1247
        },
        "surprise": {
            "precision": 0.7353951890034365,
            "recall": 0.7725631768953068,
            "f1-score": 0.7535211267605635,
            "support": 831
        },
        "accuracy": 0.6167456115909724,
        "macro avg": {
            "precision": 0.5233107073517627,
            "recall": 0.5246880623218931,
            "f1-score": 0.51189007296168,
            "support": 7178
        },
        "weighted avg": {
            "precision": 0.6185022409200988,
            "recall": 0.6167456115909724,
            "f1-score": 0.6049957811452294,
            "support": 7178
        }
    }
}
