{
    "train": {
        "loss": 1.0700582265853882,
        "f1_score": 0.5342931747436523
    },
    "eval": {
        "loss": 1.3499265909194946,
        "f1_score": 0.47116029262542725
    },
    "step": 42,
    "test": {
        "precision": 0.4576093026611618,
        "recall": 0.4348806185731394,
        "f1_score": 0.5256338813039844
    }
}
