{
    "train": {
        "loss": 1.0365601778030396,
        "f1_score": 0.5545806288719177
    },
    "eval": {
        "loss": 1.338935136795044,
        "f1_score": 0.46120965480804443
    },
    "step": 47,
    "test": {
        "precision": 0.4454680814164082,
        "recall": 0.4468816290810687,
        "f1_score": 0.529674003900808
    }
}
