{
    "train": {
        "loss": 0.9344282746315002,
        "f1_score": 0.6076063513755798
    },
    "eval": {
        "loss": 1.2249865531921387,
        "f1_score": 0.5283268094062805
    },
    "step": 45,
    "test": {
        "precision": 0.47618618224892406,
        "recall": 0.4941743365982898,
        "f1_score": 0.5863750348286431
    }
}
