{
    "train": {
        "loss": 0.8320356607437134,
        "f1_score": 0.6872583627700806
    },
    "eval": {
        "loss": 1.3729137182235718,
        "f1_score": 0.5764250159263611
    },
    "step": 42,
    "test": {
        "precision": 0.5057051957248379,
        "recall": 0.5057220643666664,
        "f1_score": 0.6019782669267205
    }
}
