{
    "train": {
        "loss": 0.8996250629425049,
        "f1_score": 0.6236851811408997
    },
    "eval": {
        "loss": 1.1693909168243408,
        "f1_score": 0.5583846569061279
    },
    "step": 42,
    "test": {
        "precision": 0.49977421330848015,
        "recall": 0.49462120304576584,
        "f1_score": 0.5906937865700752
    }
}
