{
    "train": {
        "loss": 0.811315655708313,
        "f1_score": 0.7107868194580078
    },
    "eval": {
        "loss": 1.4396746158599854,
        "f1_score": 0.5902531147003174
    },
    "step": 43,
    "test": {
        "precision": 0.5264084499756674,
        "recall": 0.5179425192000132,
        "f1_score": 0.6230147673446642
    }
}
