{
    "train": {
        "loss": 0.8196347951889038,
        "f1_score": 0.7518869042396545
    },
    "eval": {
        "loss": 1.5227359533309937,
        "f1_score": 0.6031440496444702
    },
    "step": 41,
    "test": {
        "precision": 0.5233107073517627,
        "recall": 0.5246880623218931,
        "f1_score": 0.6167456115909724
    }
}
