{
    "train": {
        "loss": 0.777000904083252,
        "f1_score": 0.6910315155982971
    },
    "eval": {
        "loss": 1.1153137683868408,
        "f1_score": 0.5817915797233582
    },
    "step": 47,
    "test": {
        "precision": 0.5151767674269596,
        "recall": 0.5215779567702877,
        "f1_score": 0.617581499024798
    }
}
