{
    "train": {
        "loss": 0.38132503628730774,
        "f1_score": 0.8575265407562256
    },
    "eval": {
        "loss": 1.7710627317428589,
        "f1_score": 0.6019157767295837
    },
    "step": 49,
    "test": {
        "precision": 0.5147863764173424,
        "recall": 0.5152641509120801,
        "f1_score": 0.513130514483046
    }
}
