{
    "train": {
        "loss": 0.36079543828964233,
        "f1_score": 0.868781566619873
    },
    "eval": {
        "loss": 1.6190639734268188,
        "f1_score": 0.5905193090438843
    },
    "step": 49,
    "test": {
        "precision": 0.5130510192059813,
        "recall": 0.5141223538746624,
        "f1_score": 0.5109532752433797
    }
}
