{
    "train": {
        "loss": 1.1009505987167358,
        "f1_score": 0.5208178758621216
    },
    "eval": {
        "loss": 1.3810551166534424,
        "f1_score": 0.44970574975013733
    },
    "step": 45,
    "test": {
        "precision": 0.4208248972005434,
        "recall": 0.42734161124553843,
        "f1_score": 0.5080802451936473
    }
}
