{
    "train": {
        "loss": 0.819215714931488,
        "f1_score": 0.667677640914917
    },
    "eval": {
        "loss": 1.1399563550949097,
        "f1_score": 0.5766617059707642
    },
    "step": 43,
    "test": {
        "precision": 0.5203609640465966,
        "recall": 0.5116791123186367,
        "f1_score": 0.6140986347171914
    }
}
