{
    "train": {
        "loss": 0.848268985748291,
        "f1_score": 0.6785318851470947
    },
    "eval": {
        "loss": 1.3147157430648804,
        "f1_score": 0.5813931226730347
    },
    "step": 45,
    "test": {
        "precision": 0.5202683949094207,
        "recall": 0.49336593095595305,
        "f1_score": 0.5887433825578156
    }
}
