{
    "train": {
        "loss": 0.6935493350028992,
        "f1_score": 0.726698637008667
    },
    "eval": {
        "loss": 1.216841459274292,
        "f1_score": 0.5903617143630981
    },
    "step": 41,
    "test": {
        "precision": 0.5303621421457235,
        "recall": 0.5377218670308131,
        "f1_score": 0.6347171914182224
    }
}
