{
    "train": {
        "loss": 0.34719690680503845,
        "f1_score": 0.8724554777145386
    },
    "eval": {
        "loss": 1.778231143951416,
        "f1_score": 0.5962352752685547
    },
    "step": 49,
    "test": {
        "precision": 0.5168394028713393,
        "recall": 0.5058706816138858,
        "f1_score": 0.5060564748139441
    }
}
