{
    "train": {
        "loss": 0.9538471698760986,
        "f1_score": 0.5994651317596436
    },
    "eval": {
        "loss": 1.3807673454284668,
        "f1_score": 0.4856422543525696
    },
    "step": 41,
    "test": {
        "precision": 0.4856797266333083,
        "recall": 0.44867831747789694,
        "f1_score": 0.5401225968236277
    }
}
