{
    "train": {
        "loss": 0.795110821723938,
        "f1_score": 0.7293873429298401
    },
    "eval": {
        "loss": 1.3356820344924927,
        "f1_score": 0.609002947807312
    },
    "step": 47,
    "test": {
        "precision": 0.5153539195752048,
        "recall": 0.5256384373824298,
        "f1_score": 0.6232933964892727
    }
}
