{
    "train": {
        "loss": 1.038672685623169,
        "f1_score": 0.5521864295005798
    },
    "eval": {
        "loss": 1.3548755645751953,
        "f1_score": 0.4732613265514374
    },
    "step": 43,
    "test": {
        "precision": 0.43955439792777956,
        "recall": 0.4409995054307038,
        "f1_score": 0.5225689607132906
    }
}
